"Jahr";"Kanton (-) / Bezirk (>>) / Gemeinde (......)";"Haushaltsgrösse - Total";"1 Person";"2 Personen";"3 Personen";"4 Personen";"5 Personen";"6 oder mehr Personen"
"2012";"- St. Gallen";205308;68554;67053;26204;27531;11110;4856
"2012";">> Wahlkreis St. Gallen";54361;21520;17171;6293;6139;2268;970
"2012";"......3201 Häggenschwil";428;99;135;44;83;48;19
"2012";"......3202 Muolen";428;95;151;51;72;32;27
"2012";"......3203 St. Gallen";35706;15922;10822;3912;3343;1186;521
"2012";"......3204 Wittenbach";4124;1332;1441;531;563;184;73
"2012";"......3212 Eggersriet";886;228;320;119;138;58;23
"2012";"......3441 Andwil (SG)";697;167;222;89;138;54;27
"2012";"......3442 Gaiserwald";3290;920;1162;443;532;171;62
"2012";"......3443 Gossau (SG)";7592;2490;2563;913;1042;423;161
"2012";"......3444 Waldkirch";1210;267;355;191;228;112;57
"2012";">> Wahlkreis Rorschach";17893;6073;5968;2318;2285;911;338
"2012";"......3211 Berg (SG)";312;68;115;37;54;23;15
"2012";"......3213 Goldach";4062;1383;1420;537;495;176;51
"2012";"......3214 Mörschwil";1377;325;497;180;244;98;33
"2012";"......3215 Rorschach";4069;1793;1142;457;377;199;101
"2012";"......3216 Rorschacherberg";3070;996;1081;432;389;132;40
"2012";"......3217 Steinach";1476;470;539;186;190;72;19
"2012";"......3218 Tübach";523;147;186;61;86;31;12
"2012";"......3219 Untereggen";355;62;106;64;76;35;12
"2012";"......3237 Thal";2649;829;882;364;374;145;55
"2012";">> Wahlkreis Rheintal";27883;8373;9114;3865;4153;1673;705
"2012";"......3231 Au (SG)";3054;1005;1028;421;399;137;64
"2012";"......3232 Balgach";1867;542;653;256;273;110;33
"2012";"......3233 Berneck";1564;472;511;234;236;91;20
"2012";"......3234 Diepoldsau";2247;555;749;347;390;147;59
"2012";"......3235 Rheineck";1426;524;443;180;188;67;24
"2012";"......3236 St. Margrethen";2376;793;729;337;314;137;66
"2012";"......3238 Widnau";3560;997;1193;486;600;201;83
"2012";"......3251 Altstätten";4571;1505;1481;589;572;280;144
"2012";"......3252 Eichberg";579;149;179;89;103;48;11
"2012";"......3253 Marbach (SG)";780;184;251;113;150;63;19
"2012";"......3254 Oberriet (SG)";3190;835;999;456;565;228;107
"2012";"......3255 Rebstein";1816;570;598;237;262;101;48
"2012";"......3256 Rüthi (SG)";853;242;300;120;101;63;27
"2012";">> Wahlkreis Werdenberg";14855;4609;4821;2010;2114;859;442
"2012";"......3271 Buchs (SG)";4847;1694;1516;633;600;250;154
"2012";"......3272 Gams";1213;320;381;183;191;93;45
"2012";"......3273 Grabs";2722;723;931;372;441;168;87
"2012";"......3274 Sennwald";2075;650;683;286;303;111;42
"2012";"......3275 Sevelen";1879;562;620;271;260;110;56
"2012";"......3276 Wartau";2119;660;690;265;319;127;58
"2012";">> Wahlkreis Sarganserland";16137;5105;5225;2151;2274;997;385
"2012";"......3291 Bad Ragaz";2492;928;801;314;293;109;47
"2012";"......3292 Flums";1911;587;555;266;291;139;73
"2012";"......3293 Mels";3315;892;1077;483;535;243;85
"2012";"......3294 Pfäfers";611;187;190;73;80;64;17
"2012";"......3295 Quarten";1175;374;436;121;146;67;31
"2012";"......3296 Sargans";2541;867;864;353;293;117;47
"2012";"......3297 Vilters-Wangs";1769;493;556;251;300;128;41
"2012";"......3298 Walenstadt";2323;777;746;290;336;130;44
"2012";">> Wahlkreis See-Gaster";26475;8150;8990;3521;3855;1395;564
"2012";"......3311 Amden";747;265;275;79;85;30;13
"2012";"......3312 Benken (SG)";1038;246;340;152;180;87;33
"2012";"......3313 Kaltbrunn";1758;485;556;248;290;121;58
"2012";"......3315 Schänis";1407;371;460;212;233;87;44
"2012";"......3316 Weesen";696;253;233;68;97;29;16
"2012";"......3338 Schmerikon";1403;401;485;209;225;61;22
"2012";"......3339 Uznach";2354;654;783;325;367;159;66
"2012";"......3340 Rapperswil-Jona";11703;3996;4061;1522;1514;457;153
"2012";"......3341 Gommiswald";2007;604;695;243;288;121;56
"2012";"......3342 Eschenbach (SG)";3362;875;1102;463;576;243;103
"2012";">> Wahlkreis Toggenburg";17855;5446;5824;2247;2429;1220;689
"2012";"......3352 Ebnat-Kappel";2050;645;720;251;272;128;34
"2012";"......3359 Wildhaus-Alt St. Johann";1125;403;368;122;121;59;52
"2012";"......3360 Nesslau";1474;471;488;171;184;96;64
"2012";"......3372 Hemberg";340;85;121;40;43;31;20
"2012";"......3374 Lichtensteig";925;412;275;83;104;35;16
"2012";"......3375 Oberhelfenschwil";482;119;162;63;68;37;33
"2012";"......3378 Neckertal";1576;477;504;203;209;100;83
"2012";"......3379 Wattwil";3396;1086;1139;407;440;210;114
"2012";"......3392 Kirchberg (SG)";3252;922;1000;479;517;228;106
"2012";"......3393 Lütisburg";519;120;175;79;66;49;30
"2012";"......3394 Mosnang";1005;244;318;124;151;101;67
"2012";"......3395 Bütschwil-Ganterschwil";1711;462;554;225;254;146;70
"2012";">> Wahlkreis Wil";29849;9278;9940;3799;4282;1787;763
"2012";"......3401 Degersheim";1569;504;489;202;199;111;64
"2012";"......3402 Flawil";4251;1406;1357;541;623;229;95
"2012";"......3405 Jonschwil";1416;337;471;205;265;101;37
"2012";"......3407 Oberuzwil";2358;658;801;299;361;169;70
"2012";"......3408 Uzwil";5134;1511;1702;683;782;331;125
"2012";"......3422 Niederbüren";508;110;153;79;85;47;34
"2012";"......3423 Niederhelfenschwil";1003;193;304;142;202;116;46
"2012";"......3424 Oberbüren";1602;397;571;220;249;121;44
"2012";"......3426 Zuzwil (SG)";1840;417;666;273;346;105;33
"2012";"......3427 Wil (SG)";10168;3745;3426;1155;1170;457;215
"2013";"- St. Gallen";208191;69790;68424;26428;27674;11077;4798
"2013";">> Wahlkreis St. Gallen";54715;21525;17431;6338;6216;2240;965
"2013";"......3201 Häggenschwil";435;101;132;51;93;41;17
"2013";"......3202 Muolen";429;99;150;49;73;37;21
"2013";"......3203 St. Gallen";35936;15921;10983;3939;3422;1150;521
"2013";"......3204 Wittenbach";4137;1323;1467;536;553;187;71
"2013";"......3212 Eggersriet";894;234;321;126;133;60;20
"2013";"......3441 Andwil (SG)";712;165;238;87;138;56;28
"2013";"......3442 Gaiserwald";3305;924;1188;428;535;163;67
"2013";"......3443 Gossau (SG)";7649;2495;2589;936;1042;425;162
"2013";"......3444 Waldkirch";1218;263;363;186;227;121;58
"2013";">> Wahlkreis Rorschach";18170;6207;6131;2311;2282;918;321
"2013";"......3211 Berg (SG)";313;66;116;46;46;25;14
"2013";"......3213 Goldach";4104;1388;1446;528;500;194;48
"2013";"......3214 Mörschwil";1378;308;513;190;235;98;34
"2013";"......3215 Rorschach";4167;1863;1163;458;391;198;94
"2013";"......3216 Rorschacherberg";3044;966;1110;420;381;132;35
"2013";"......3217 Steinach";1537;520;544;191;192;69;21
"2013";"......3218 Tübach";541;161;189;57;92;30;12
"2013";"......3219 Untereggen";365;74;111;62;69;39;10
"2013";"......3237 Thal";2721;861;939;359;376;133;53
"2013";">> Wahlkreis Rheintal";28285;8506;9320;3908;4178;1652;721
"2013";"......3231 Au (SG)";3127;1043;1049;424;404;139;68
"2013";"......3232 Balgach";1885;554;670;250;272;103;36
"2013";"......3233 Berneck";1590;483;536;219;238;92;22
"2013";"......3234 Diepoldsau";2284;567;756;352;391;157;61
"2013";"......3235 Rheineck";1427;511;468;165;186;73;24
"2013";"......3236 St. Margrethen";2346;762;730;335;320;137;62
"2013";"......3238 Widnau";3723;1089;1239;513;603;198;81
"2013";"......3251 Altstätten";4552;1455;1503;591;573;276;154
"2013";"......3252 Eichberg";580;150;176;94;107;44;9
"2013";"......3253 Marbach (SG)";810;200;256;135;146;56;17
"2013";"......3254 Oberriet (SG)";3256;863;1031;453;578;226;105
"2013";"......3255 Rebstein";1827;580;589;245;268;92;53
"2013";"......3256 Rüthi (SG)";878;249;317;132;92;59;29
"2013";">> Wahlkreis Werdenberg";15269;4839;5040;1963;2124;849;454
"2013";"......3271 Buchs (SG)";5040;1790;1598;627;608;254;163
"2013";"......3272 Gams";1248;338;417;160;196;94;43
"2013";"......3273 Grabs";2768;764;962;352;430;165;95
"2013";"......3274 Sennwald";2134;658;743;267;317;109;40
"2013";"......3275 Sevelen";1911;602;610;278;254;112;55
"2013";"......3276 Wartau";2168;687;710;279;319;115;58
"2013";">> Wahlkreis Sarganserland";16409;5286;5297;2166;2289;986;385
"2013";"......3291 Bad Ragaz";2603;1017;822;321;302;104;37
"2013";"......3292 Flums";1908;590;549;259;304;140;66
"2013";"......3293 Mels";3343;911;1093;478;527;239;95
"2013";"......3294 Pfäfers";619;194;197;78;73;60;17
"2013";"......3295 Quarten";1222;419;442;122;143;69;27
"2013";"......3296 Sargans";2590;855;901;357;304;121;52
"2013";"......3297 Vilters-Wangs";1801;516;562;253;304;124;42
"2013";"......3298 Walenstadt";2323;784;731;298;332;129;49
"2013";">> Wahlkreis See-Gaster";26938;8366;9138;3589;3909;1392;544
"2013";"......3311 Amden";782;294;269;84;95;26;14
"2013";"......3312 Benken (SG)";1058;258;349;158;174;86;33
"2013";"......3313 Kaltbrunn";1779;483;561;265;292;126;52
"2013";"......3315 Schänis";1449;377;489;224;231;90;38
"2013";"......3316 Weesen";700;266;229;69;89;32;15
"2013";"......3338 Schmerikon";1439;413;505;213;224;61;23
"2013";"......3339 Uznach";2449;701;813;337;378;159;61
"2013";"......3340 Rapperswil-Jona";11791;4061;4067;1499;1552;452;160
"2013";"......3341 Gommiswald";2047;602;727;261;284;121;52
"2013";"......3342 Eschenbach (SG)";3444;911;1129;479;590;239;96
"2013";">> Wahlkreis Toggenburg";18108;5579;5958;2284;2410;1226;651
"2013";"......3352 Ebnat-Kappel";2096;673;737;264;269;119;34
"2013";"......3359 Wildhaus-Alt St. Johann";1149;424;375;118;123;57;52
"2013";"......3360 Nesslau";1470;457;517;168;172;98;58
"2013";"......3372 Hemberg";343;87;124;46;31;35;20
"2013";"......3374 Lichtensteig";924;407;267;90;106;39;15
"2013";"......3375 Oberhelfenschwil";493;141;151;62;72;37;30
"2013";"......3378 Neckertal";1597;492;518;210;208;90;79
"2013";"......3379 Wattwil";3460;1118;1173;404;447;214;104
"2013";"......3392 Kirchberg (SG)";3308;933;1030;489;514;234;108
"2013";"......3393 Lütisburg";524;115;184;74;75;51;25
"2013";"......3394 Mosnang";1017;257;324;127;144;103;62
"2013";"......3395 Bütschwil-Ganterschwil";1727;475;558;232;249;149;64
"2013";">> Wahlkreis Wil";30297;9482;10109;3869;4266;1814;757
"2013";"......3401 Degersheim";1572;514;473;204;208;112;61
"2013";"......3402 Flawil";4312;1422;1383;559;606;238;104
"2013";"......3405 Jonschwil";1429;344;492;188;258;112;35
"2013";"......3407 Oberuzwil";2427;649;844;337;352;172;73
"2013";"......3408 Uzwil";5159;1534;1715;704;757;318;131
"2013";"......3422 Niederbüren";522;108;166;74;95;47;32
"2013";"......3423 Niederhelfenschwil";1022;209;306;158;196;110;43
"2013";"......3424 Oberbüren";1626;401;586;223;250;126;40
"2013";"......3426 Zuzwil (SG)";1848;424;678;255;350;106;35
"2013";"......3427 Wil (SG)";10380;3877;3466;1167;1194;473;203
"2014";"- St. Gallen";211187;71132;69699;26813;27891;10960;4692
"2014";">> Wahlkreis St. Gallen";55215;21751;17515;6505;6271;2244;929
"2014";"......3201 Häggenschwil";441;104;141;47;91;39;19
"2014";"......3202 Muolen";435;105;149;56;65;40;20
"2014";"......3203 St. Gallen";36238;16034;10976;4044;3475;1194;515
"2014";"......3204 Wittenbach";4152;1346;1459;539;557;184;67
"2014";"......3212 Eggersriet";905;236;337;135;121;58;18
"2014";"......3441 Andwil (SG)";715;167;237;98;134;55;24
"2014";"......3442 Gaiserwald";3353;935;1208;439;551;154;66
"2014";"......3443 Gossau (SG)";7718;2542;2626;963;1040;399;148
"2014";"......3444 Waldkirch";1258;282;382;184;237;121;52
"2014";">> Wahlkreis Rorschach";18491;6372;6348;2261;2307;904;299
"2014";"......3211 Berg (SG)";314;65;127;35;50;24;13
"2014";"......3213 Goldach";4095;1383;1490;484;502;194;42
"2014";"......3214 Mörschwil";1384;318;493;210;234;96;33
"2014";"......3215 Rorschach";4370;1998;1225;484;397;179;87
"2014";"......3216 Rorschacherberg";3117;986;1151;415;394;134;37
"2014";"......3217 Steinach";1544;523;548;190;200;70;13
"2014";"......3218 Tübach";551;163;197;54;90;36;11
"2014";"......3219 Untereggen";375;77;124;58;70;37;9
"2014";"......3237 Thal";2741;859;993;331;370;134;54
"2014";">> Wahlkreis Rheintal";28922;8854;9548;3993;4209;1605;713
"2014";"......3231 Au (SG)";3152;1065;1041;425;413;137;71
"2014";"......3232 Balgach";1898;565;679;258;258;98;40
"2014";"......3233 Berneck";1639;508;559;209;247;92;24
"2014";"......3234 Diepoldsau";2459;699;786;352;415;150;57
"2014";"......3235 Rheineck";1428;523;462;166;183;72;22
"2014";"......3236 St. Margrethen";2363;760;736;343;332;127;65
"2014";"......3238 Widnau";3773;1082;1278;554;576;207;76
"2014";"......3251 Altstätten";4691;1534;1545;602;609;269;132
"2014";"......3252 Eichberg";579;147;192;85;105;37;13
"2014";"......3253 Marbach (SG)";842;216;279;131;150;50;16
"2014";"......3254 Oberriet (SG)";3322;895;1051;484;565;214;113
"2014";"......3255 Rebstein";1869;599;617;250;256;92;55
"2014";"......3256 Rüthi (SG)";907;261;323;134;100;60;29
"2014";">> Wahlkreis Werdenberg";15596;4993;5122;2099;2087;859;436
"2014";"......3271 Buchs (SG)";5147;1811;1619;701;601;251;164
"2014";"......3272 Gams";1264;335;413;189;191;94;42
"2014";"......3273 Grabs";2788;804;949;375;408;177;75
"2014";"......3274 Sennwald";2217;704;757;288;316;114;38
"2014";"......3275 Sevelen";2020;673;648;286;244;106;63
"2014";"......3276 Wartau";2160;666;736;260;327;117;54
"2014";">> Wahlkreis Sarganserland";16600;5369;5454;2131;2303;954;389
"2014";"......3291 Bad Ragaz";2610;1021;833;304;304;103;45
"2014";"......3292 Flums";1922;599;578;251;292;139;63
"2014";"......3293 Mels";3382;936;1110;475;541;228;92
"2014";"......3294 Pfäfers";650;227;197;80;72;55;19
"2014";"......3295 Quarten";1211;398;457;130;141;57;28
"2014";"......3296 Sargans";2617;860;905;346;327;128;51
"2014";"......3297 Vilters-Wangs";1830;521;610;243;293;118;45
"2014";"......3298 Walenstadt";2378;807;764;302;333;126;46
"2014";">> Wahlkreis See-Gaster";27358;8468;9415;3659;3900;1391;525
"2014";"......3311 Amden";790;279;292;87;92;28;12
"2014";"......3312 Benken (SG)";1100;272;378;148;188;83;31
"2014";"......3313 Kaltbrunn";1842;508;593;284;293;120;44
"2014";"......3315 Schänis";1486;404;503;226;229;86;38
"2014";"......3316 Weesen";716;270;248;66;84;36;12
"2014";"......3338 Schmerikon";1482;424;518;222;232;60;26
"2014";"......3339 Uznach";2465;693;827;351;360;173;61
"2014";"......3340 Rapperswil-Jona";11901;4073;4167;1517;1547;442;155
"2014";"......3341 Gommiswald";2064;615;744;248;289;121;47
"2014";"......3342 Eschenbach (SG)";3512;930;1145;510;586;242;99
"2014";">> Wahlkreis Toggenburg";18375;5685;6137;2261;2436;1232;624
"2014";"......3352 Ebnat-Kappel";2125;699;756;246;262;120;42
"2014";"......3359 Wildhaus-Alt St. Johann";1165;442;381;113;115;69;45
"2014";"......3360 Nesslau";1483;465;521;165;182;96;54
"2014";"......3372 Hemberg";339;87;121;45;35;34;17
"2014";"......3374 Lichtensteig";931;414;277;86;102;36;16
"2014";"......3375 Oberhelfenschwil";492;135;156;64;76;38;23
"2014";"......3378 Neckertal";1597;495;532;206;192;102;70
"2014";"......3379 Wattwil";3507;1117;1193;419;468;203;107
"2014";"......3392 Kirchberg (SG)";3384;946;1074;473;539;255;97
"2014";"......3393 Lütisburg";530;130;176;80;69;46;29
"2014";"......3394 Mosnang";1027;263;335;119;155;94;61
"2014";"......3395 Bütschwil-Ganterschwil";1795;492;615;245;241;139;63
"2014";">> Wahlkreis Wil";30630;9640;10160;3904;4378;1771;777
"2014";"......3401 Degersheim";1574;522;478;184;222;101;67
"2014";"......3402 Flawil";4353;1440;1425;544;608;229;107
"2014";"......3405 Jonschwil";1441;340;506;183;270;110;32
"2014";"......3407 Oberuzwil";2451;662;832;344;370;164;79
"2014";"......3408 Uzwil";5164;1536;1716;701;771;315;125
"2014";"......3422 Niederbüren";534;116;169;73;101;45;30
"2014";"......3423 Niederhelfenschwil";1049;222;319;159;202;108;39
"2014";"......3424 Oberbüren";1660;429;586;211;266;122;46
"2014";"......3426 Zuzwil (SG)";1878;447;675;270;344;109;33
"2014";"......3427 Wil (SG)";10526;3926;3454;1235;1224;468;219
"2015";"- St. Gallen";213233;72397;70727;26788;27916;10853;4552
"2015";">> Wahlkreis St. Gallen";55328;21952;17518;6507;6244;2228;879
"2015";"......3201 Häggenschwil";464;103;167;51;83;46;14
"2015";"......3202 Muolen";449;110;155;54;74;37;19
"2015";"......3203 St. Gallen";36230;16196;10925;4035;3408;1178;488
"2015";"......3204 Wittenbach";4162;1338;1460;546;567;186;65
"2015";"......3212 Eggersriet";903;224;335;135;133;58;18
"2015";"......3441 Andwil (SG)";709;159;244;100;130;53;23
"2015";"......3442 Gaiserwald";3482;1003;1243;465;556;156;59
"2015";"......3443 Gossau (SG)";7672;2544;2598;941;1054;391;144
"2015";"......3444 Waldkirch";1257;275;391;180;239;123;49
"2015";">> Wahlkreis Rorschach";18584;6436;6387;2280;2262;918;301
"2015";"......3211 Berg (SG)";313;63;124;40;43;31;12
"2015";"......3213 Goldach";4066;1388;1465;495;489;182;47
"2015";"......3214 Mörschwil";1379;327;491;208;227;93;33
"2015";"......3215 Rorschach";4403;1976;1283;474;397;194;79
"2015";"......3216 Rorschacherberg";3157;1005;1152;428;391;139;42
"2015";"......3217 Steinach";1592;555;561;188;206;70;12
"2015";"......3218 Tübach";548;162;192;60;84;37;13
"2015";"......3219 Untereggen";380;77;128;59;67;40;9
"2015";"......3237 Thal";2746;883;991;328;358;132;54
"2015";">> Wahlkreis Rheintal";29457;9165;9798;3991;4190;1626;687
"2015";"......3231 Au (SG)";3214;1104;1077;418;397;150;68
"2015";"......3232 Balgach";1901;579;675;260;256;102;29
"2015";"......3233 Berneck";1657;496;585;222;239;89;26
"2015";"......3234 Diepoldsau";2544;716;858;341;428;147;54
"2015";"......3235 Rheineck";1480;541;502;163;176;70;28
"2015";"......3236 St. Margrethen";2405;794;744;358;325;121;63
"2015";"......3238 Widnau";3836;1134;1291;538;576;216;81
"2015";"......3251 Altstätten";4785;1616;1572;594;605;277;121
"2015";"......3252 Eichberg";589;149;191;88;107;37;17
"2015";"......3253 Marbach (SG)";853;222;292;126;150;50;13
"2015";"......3254 Oberriet (SG)";3396;935;1066;514;560;214;107
"2015";"......3255 Rebstein";1871;598;627;246;251;96;53
"2015";"......3256 Rüthi (SG)";926;281;318;123;120;57;27
"2015";">> Wahlkreis Werdenberg";15792;5059;5236;2094;2082;887;434
"2015";"......3271 Buchs (SG)";5262;1879;1617;727;606;260;173
"2015";"......3272 Gams";1283;318;455;190;186;98;36
"2015";"......3273 Grabs";2812;823;953;376;406;178;76
"2015";"......3274 Sennwald";2236;692;799;272;319;118;36
"2015";"......3275 Sevelen";2023;671;660;272;245;115;60
"2015";"......3276 Wartau";2176;676;752;257;320;118;53
"2015";">> Wahlkreis Sarganserland";16748;5475;5520;2122;2315;957;359
"2015";"......3291 Bad Ragaz";2658;1051;867;301;290;109;40
"2015";"......3292 Flums";1956;623;592;253;293;136;59
"2015";"......3293 Mels";3404;958;1129;459;546;225;87
"2015";"......3294 Pfäfers";662;229;205;81;76;53;18
"2015";"......3295 Quarten";1232;413;457;140;137;65;20
"2015";"......3296 Sargans";2587;857;885;325;339;133;48
"2015";"......3297 Vilters-Wangs";1874;535;623;247;320;112;37
"2015";"......3298 Walenstadt";2375;809;762;316;314;124;50
"2015";">> Wahlkreis See-Gaster";27781;8713;9619;3658;3943;1340;508
"2015";"......3311 Amden";800;279;301;89;89;27;15
"2015";"......3312 Benken (SG)";1123;285;386;155;186;79;32
"2015";"......3313 Kaltbrunn";1881;532;601;276;311;116;45
"2015";"......3315 Schänis";1498;393;523;222;230;90;40
"2015";"......3316 Weesen";710;261;245;74;85;33;12
"2015";"......3338 Schmerikon";1536;442;542;229;231;61;31
"2015";"......3339 Uznach";2492;709;839;330;383;163;68
"2015";"......3340 Rapperswil-Jona";12090;4209;4249;1518;1567;420;127
"2015";"......3341 Gommiswald";2088;644;755;253;274;116;46
"2015";"......3342 Eschenbach (SG)";3563;959;1178;512;587;235;92
"2015";">> Wahlkreis Toggenburg";18658;5869;6244;2280;2457;1179;629
"2015";"......3352 Ebnat-Kappel";2148;717;741;261;272;116;41
"2015";"......3359 Wildhaus-Alt St. Johann";1165;447;376;103;126;64;49
"2015";"......3360 Nesslau";1504;486;537;173;176;75;57
"2015";"......3372 Hemberg";346;91;129;35;38;32;21
"2015";"......3374 Lichtensteig";921;408;275;91;95;42;10
"2015";"......3375 Oberhelfenschwil";496;139;162;60;72;42;21
"2015";"......3378 Neckertal";1619;504;560;203;183;100;69
"2015";"......3379 Wattwil";3555;1171;1183;421;472;195;113
"2015";"......3392 Kirchberg (SG)";3466;996;1098;485;534;246;107
"2015";"......3393 Lütisburg";541;132;185;79;73;48;24
"2015";"......3394 Mosnang";1019;265;329;119;150;96;60
"2015";"......3395 Bütschwil-Ganterschwil";1878;513;669;250;266;123;57
"2015";">> Wahlkreis Wil";30885;9728;10405;3856;4423;1718;755
"2015";"......3401 Degersheim";1591;521;483;195;220;102;70
"2015";"......3402 Flawil";4389;1445;1461;534;622;226;101
"2015";"......3405 Jonschwil";1441;331;519;194;257;107;33
"2015";"......3407 Oberuzwil";2480;655;869;334;381;162;79
"2015";"......3408 Uzwil";5184;1549;1719;691;798;301;126
"2015";"......3422 Niederbüren";532;119;163;73;97;47;33
"2015";"......3423 Niederhelfenschwil";1075;218;341;173;201;103;39
"2015";"......3424 Oberbüren";1678;433;613;207;264;122;39
"2015";"......3426 Zuzwil (SG)";1923;479;711;264;332;105;32
"2015";"......3427 Wil (SG)";10592;3978;3526;1191;1251;443;203
"2016";"- St. Gallen";215902;73562;71676;27184;28077;10866;4537
"2016";">> Wahlkreis St. Gallen";55943;22214;17790;6519;6301;2244;875
"2016";"......3201 Häggenschwil";481;103;168;65;80;51;14
"2016";"......3202 Muolen";455;115;153;64;65;38;20
"2016";"......3203 St. Gallen";36616;16348;11124;4044;3426;1188;486
"2016";"......3204 Wittenbach";4226;1351;1486;562;569;195;63
"2016";"......3212 Eggersriet";912;230;335;131;140;57;19
"2016";"......3441 Andwil (SG)";723;170;248;100;128;50;27
"2016";"......3442 Gaiserwald";3514;1014;1258;442;575;164;61
"2016";"......3443 Gossau (SG)";7754;2607;2613;939;1081;373;141
"2016";"......3444 Waldkirch";1262;276;405;172;237;128;44
"2016";">> Wahlkreis Rorschach";18667;6478;6409;2296;2273;911;300
"2016";"......3211 Berg (SG)";315;61;130;36;46;31;11
"2016";"......3213 Goldach";4036;1371;1463;491;487;174;50
"2016";"......3214 Mörschwil";1378;329;490;209;226;93;31
"2016";"......3215 Rorschach";4516;2040;1323;463;429;182;79
"2016";"......3216 Rorschacherberg";3116;1006;1129;420;388;130;43
"2016";"......3217 Steinach";1593;544;554;206;206;75;8
"2016";"......3218 Tübach";572;157;211;62;88;41;13
"2016";"......3219 Untereggen";387;81;132;57;60;48;9
"2016";"......3237 Thal";2754;889;977;352;343;137;56
"2016";">> Wahlkreis Rheintal";29972;9317;10092;4012;4248;1624;679
"2016";"......3231 Au (SG)";3295;1144;1082;426;424;150;69
"2016";"......3232 Balgach";1958;585;713;273;261;98;28
"2016";"......3233 Berneck";1669;490;610;215;243;88;23
"2016";"......3234 Diepoldsau";2507;639;881;354;425;154;54
"2016";"......3235 Rheineck";1573;585;539;178;173;70;28
"2016";"......3236 St. Margrethen";2450;821;769;344;328;127;61
"2016";"......3238 Widnau";3896;1137;1307;563;594;212;83
"2016";"......3251 Altstätten";4900;1689;1634;588;590;282;117
"2016";"......3252 Eichberg";595;159;193;78;111;38;16
"2016";"......3253 Marbach (SG)";857;242;284;127;145;49;10
"2016";"......3254 Oberriet (SG)";3440;940;1114;499;565;206;116
"2016";"......3255 Rebstein";1892;611;641;233;268;91;48
"2016";"......3256 Rüthi (SG)";940;275;325;134;121;59;26
"2016";">> Wahlkreis Werdenberg";16141;5205;5328;2181;2141;848;438
"2016";"......3271 Buchs (SG)";5381;1935;1655;737;634;256;164
"2016";"......3272 Gams";1296;343;428;196;196;88;45
"2016";"......3273 Grabs";2824;832;956;393;412;158;73
"2016";"......3274 Sennwald";2347;732;846;294;318;117;40
"2016";"......3275 Sevelen";2119;693;705;287;269;107;58
"2016";"......3276 Wartau";2174;670;738;274;312;122;58
"2016";">> Wahlkreis Sarganserland";17060;5638;5663;2176;2281;947;355
"2016";"......3291 Bad Ragaz";2747;1101;900;307;295;108;36
"2016";"......3292 Flums";1988;652;583;268;290;136;59
"2016";"......3293 Mels";3440;984;1151;471;523;231;80
"2016";"......3294 Pfäfers";653;210;216;82;76;47;22
"2016";"......3295 Quarten";1272;444;461;154;129;64;20
"2016";"......3296 Sargans";2632;900;892;334;325;133;48
"2016";"......3297 Vilters-Wangs";1927;542;660;267;312;107;39
"2016";"......3298 Walenstadt";2401;805;800;293;331;121;51
"2016";">> Wahlkreis See-Gaster";28073;8907;9599;3710;3966;1406;485
"2016";"......3311 Amden";823;302;306;80;97;27;11
"2016";"......3312 Benken (SG)";1137;300;379;169;178;81;30
"2016";"......3313 Kaltbrunn";1922;556;608;293;312;117;36
"2016";"......3315 Schänis";1518;415;540;196;239;92;36
"2016";"......3316 Weesen";723;259;244;84;90;36;10
"2016";"......3338 Schmerikon";1552;449;561;214;222;74;32
"2016";"......3339 Uznach";2534;746;822;347;391;161;67
"2016";"......3340 Rapperswil-Jona";12126;4246;4195;1540;1567;453;125
"2016";"......3341 Gommiswald";2125;661;755;254;290;125;40
"2016";"......3342 Eschenbach (SG)";3613;973;1189;533;580;240;98
"2016";">> Wahlkreis Toggenburg";18855;5944;6319;2332;2459;1177;624
"2016";"......3352 Ebnat-Kappel";2142;731;732;249;270;116;44
"2016";"......3359 Wildhaus-Alt St. Johann";1162;436;381;113;123;59;50
"2016";"......3360 Nesslau";1526;502;555;169;166;82;52
"2016";"......3372 Hemberg";344;97;118;40;39;27;23
"2016";"......3374 Lichtensteig";908;391;276;93;100;32;16
"2016";"......3375 Oberhelfenschwil";484;125;167;63;65;42;22
"2016";"......3378 Neckertal";1630;499;561;225;192;85;68
"2016";"......3379 Wattwil";3585;1181;1181;448;470;197;108
"2016";"......3392 Kirchberg (SG)";3539;1025;1140;483;530;262;99
"2016";"......3393 Lütisburg";575;132;207;77;87;46;26
"2016";"......3394 Mosnang";1059;278;343;128;151;95;64
"2016";"......3395 Bütschwil-Ganterschwil";1901;547;658;244;266;134;52
"2016";">> Wahlkreis Wil";31191;9859;10476;3958;4408;1709;781
"2016";"......3401 Degersheim";1607;533;493;206;209;98;68
"2016";"......3402 Flawil";4450;1464;1470;567;618;229;102
"2016";"......3405 Jonschwil";1458;336;534;189;259;105;35
"2016";"......3407 Oberuzwil";2539;677;891;346;393;155;77
"2016";"......3408 Uzwil";5201;1552;1719;706;793;300;131
"2016";"......3422 Niederbüren";538;125;166;66;96;52;33
"2016";"......3423 Niederhelfenschwil";1098;228;350;160;209;112;39
"2016";"......3424 Oberbüren";1702;432;637;210;266;112;45
"2016";"......3426 Zuzwil (SG)";1939;483;718;279;326;99;34
"2016";"......3427 Wil (SG)";10659;4029;3498;1229;1239;447;217
"2017";"- St. Gallen";218057;75072;72390;27161;28074;10872;4488
"2017";">> Wahlkreis St. Gallen";56248;22520;17795;6487;6337;2259;850
"2017";"......3201 Häggenschwil";483;99;169;66;84;51;14
"2017";"......3202 Muolen";454;118;149;68;61;40;18
"2017";"......3203 St. Gallen";36838;16635;11048;4010;3464;1206;475
"2017";"......3204 Wittenbach";4221;1332;1501;564;572;185;67
"2017";"......3212 Eggersriet";911;232;332;138;138;54;17
"2017";"......3441 Andwil (SG)";737;174;248;107;131;49;28
"2017";"......3442 Gaiserwald";3505;1012;1265;444;568;160;56
"2017";"......3443 Gossau (SG)";7827;2633;2671;914;1099;375;135
"2017";"......3444 Waldkirch";1272;285;412;176;220;139;40
"2017";">> Wahlkreis Rorschach";18838;6646;6381;2343;2275;900;293
"2017";"......3211 Berg (SG)";313;64;129;38;42;29;11
"2017";"......3213 Goldach";4044;1396;1453;474;498;176;47
"2017";"......3214 Mörschwil";1395;351;481;210;224;96;33
"2017";"......3215 Rorschach";4593;2150;1301;467;415;186;74
"2017";"......3216 Rorschacherberg";3153;997;1155;444;388;128;41
"2017";"......3217 Steinach";1605;556;547;211;206;74;11
"2017";"......3218 Tübach";570;148;211;69;88;39;15
"2017";"......3219 Untereggen";389;80;138;55;62;45;9
"2017";"......3237 Thal";2776;904;966;375;352;127;52
"2017";">> Wahlkreis Rheintal";30436;9681;10216;3999;4236;1623;681
"2017";"......3231 Au (SG)";3351;1176;1101;434;423;153;64
"2017";"......3232 Balgach";2010;620;736;276;250;103;25
"2017";"......3233 Berneck";1686;517;599;227;233;82;28
"2017";"......3234 Diepoldsau";2554;682;890;346;427;146;63
"2017";"......3235 Rheineck";1582;598;535;165;180;73;31
"2017";"......3236 St. Margrethen";2495;864;777;333;329;133;59
"2017";"......3238 Widnau";3949;1166;1326;567;599;213;78
"2017";"......3251 Altstätten";5008;1790;1635;590;592;277;124
"2017";"......3252 Eichberg";601;161;203;79;106;39;13
"2017";"......3253 Marbach (SG)";839;231;287;122;143;46;10
"2017";"......3254 Oberriet (SG)";3481;964;1146;484;564;211;112
"2017";"......3255 Rebstein";1925;640;646;244;258;91;46
"2017";"......3256 Rüthi (SG)";955;272;335;132;132;56;28
"2017";">> Wahlkreis Werdenberg";16371;5303;5428;2165;2180;848;447
"2017";"......3271 Buchs (SG)";5409;1922;1698;704;667;249;169
"2017";"......3272 Gams";1327;354;437;192;210;93;41
"2017";"......3273 Grabs";2898;893;991;370;414;156;74
"2017";"......3274 Sennwald";2398;741;865;320;315;120;37
"2017";"......3275 Sevelen";2131;711;684;296;262;117;61
"2017";"......3276 Wartau";2208;682;753;283;312;113;65
"2017";">> Wahlkreis Sarganserland";17282;5766;5794;2159;2263;952;348
"2017";"......3291 Bad Ragaz";2764;1091;908;329;290;112;34
"2017";"......3292 Flums";2006;637;628;261;293;128;59
"2017";"......3293 Mels";3489;1037;1169;460;517;227;79
"2017";"......3294 Pfäfers";658;220;218;72;73;54;21
"2017";"......3295 Quarten";1272;435;473;150;132;64;18
"2017";"......3296 Sargans";2699;969;896;323;331;133;47
"2017";"......3297 Vilters-Wangs";1961;555;684;254;316;113;39
"2017";"......3298 Walenstadt";2433;822;818;310;311;121;51
"2017";">> Wahlkreis See-Gaster";28408;9061;9775;3673;4026;1389;484
"2017";"......3311 Amden";828;303;315;82;89;29;10
"2017";"......3312 Benken (SG)";1186;325;393;155;204;84;25
"2017";"......3313 Kaltbrunn";1932;567;622;271;314;119;39
"2017";"......3315 Schänis";1527;408;543;204;244;88;40
"2017";"......3316 Weesen";743;265;273;75;85;34;11
"2017";"......3338 Schmerikon";1585;459;599;203;228;68;28
"2017";"......3339 Uznach";2539;757;824;334;384;172;68
"2017";"......3340 Rapperswil-Jona";12188;4309;4161;1569;1580;442;127
"2017";"......3341 Gommiswald";2133;656;767;250;305;119;36
"2017";"......3342 Eschenbach (SG)";3747;1012;1278;530;593;234;100
"2017";">> Wahlkreis Toggenburg";19038;6075;6437;2306;2412;1194;614
"2017";"......3352 Ebnat-Kappel";2171;750;756;253;256;111;45
"2017";"......3359 Wildhaus-Alt St. Johann";1162;436;389;110;120;60;47
"2017";"......3360 Nesslau";1541;517;562;160;175;81;46
"2017";"......3372 Hemberg";355;108;124;37;32;29;25
"2017";"......3374 Lichtensteig";895;400;259;86;101;33;16
"2017";"......3375 Oberhelfenschwil";486;130;169;61;62;40;24
"2017";"......3378 Neckertal";1642;501;572;219;198;91;61
"2017";"......3379 Wattwil";3668;1252;1209;444;446;208;109
"2017";"......3392 Kirchberg (SG)";3568;1031;1161;479;540;258;99
"2017";"......3393 Lütisburg";584;131;217;75;85;49;27
"2017";"......3394 Mosnang";1060;278;353;119;154;93;63
"2017";"......3395 Bütschwil-Ganterschwil";1906;541;666;263;243;141;52
"2017";">> Wahlkreis Wil";31436;10020;10564;4029;4345;1707;771
"2017";"......3401 Degersheim";1632;539;502;220;205;103;63
"2017";"......3402 Flawil";4467;1488;1462;568;603;237;109
"2017";"......3405 Jonschwil";1485;362;533;195;257;105;33
"2017";"......3407 Oberuzwil";2562;692;896;350;393;158;73
"2017";"......3408 Uzwil";5246;1588;1746;679;802;298;133
"2017";"......3422 Niederbüren";547;134;169;70;92;48;34
"2017";"......3423 Niederhelfenschwil";1131;233;379;165;210;109;35
"2017";"......3424 Oberbüren";1725;463;628;206;265;113;50
"2017";"......3426 Zuzwil (SG)";1957;501;740;277;315;93;31
"2017";"......3427 Wil (SG)";10684;4020;3509;1299;1203;443;210
"2018";"- St. Gallen";220280;76283;73331;27367;28044;10892;4363
"2018";">> Wahlkreis St. Gallen";56549;22745;17843;6560;6328;2246;827
"2018";"......3201 Häggenschwil";505;110;184;61;88;47;15
"2018";"......3202 Muolen";458;119;157;58;64;42;18
"2018";"......3203 St. Gallen";36992;16707;11014;4134;3480;1198;459
"2018";"......3204 Wittenbach";4186;1341;1484;536;569;191;65
"2018";"......3212 Eggersriet";914;240;333;120;149;55;17
"2018";"......3441 Andwil (SG)";763;184;255;98;150;48;28
"2018";"......3442 Gaiserwald";3522;1022;1291;451;545;152;61
"2018";"......3443 Gossau (SG)";7937;2729;2725;927;1050;383;123
"2018";"......3444 Waldkirch";1272;293;400;175;233;130;41
"2018";">> Wahlkreis Rorschach";19182;6764;6560;2393;2298;902;265
"2018";"......3211 Berg (SG)";328;68;135;43;46;26;10
"2018";"......3213 Goldach";4168;1436;1503;494;524;171;40
"2018";"......3214 Mörschwil";1406;356;490;211;221;98;30
"2018";"......3215 Rorschach";4649;2202;1316;475;403;187;66
"2018";"......3216 Rorschacherberg";3216;1007;1188;473;393;120;35
"2018";"......3217 Steinach";1608;542;577;199;202;73;15
"2018";"......3218 Tübach";580;148;212;72;92;43;13
"2018";"......3219 Untereggen";399;80;152;53;60;46;8
"2018";"......3237 Thal";2828;925;987;373;357;138;48
"2018";">> Wahlkreis Rheintal";30924;9930;10464;4027;4229;1619;655
"2018";"......3231 Au (SG)";3489;1255;1167;433;418;154;62
"2018";"......3232 Balgach";2079;664;743;273;264;106;29
"2018";"......3233 Berneck";1690;503;618;240;222;80;27
"2018";"......3234 Diepoldsau";2567;685;911;347;418;151;55
"2018";"......3235 Rheineck";1574;610;531;165;163;78;27
"2018";"......3236 St. Margrethen";2499;865;789;326;330;124;65
"2018";"......3238 Widnau";4037;1236;1365;556;611;202;67
"2018";"......3251 Altstätten";5080;1809;1661;602;590;297;121
"2018";"......3252 Eichberg";611;168;200;87;107;34;15
"2018";"......3253 Marbach (SG)";866;232;311;126;141;47;9
"2018";"......3254 Oberriet (SG)";3518;967;1191;486;557;210;107
"2018";"......3255 Rebstein";1931;649;641;242;272;82;45
"2018";"......3256 Rüthi (SG)";983;287;336;144;136;54;26
"2018";">> Wahlkreis Werdenberg";16587;5444;5473;2167;2217;862;424
"2018";"......3271 Buchs (SG)";5431;1951;1664;728;673;250;165
"2018";"......3272 Gams";1352;353;451;191;229;86;42
"2018";"......3273 Grabs";2965;925;1030;353;420;172;65
"2018";"......3274 Sennwald";2435;777;889;298;309;123;39
"2018";"......3275 Sevelen";2184;745;686;319;260;124;50
"2018";"......3276 Wartau";2220;693;753;278;326;107;63
"2018";">> Wahlkreis Sarganserland";17466;5902;5848;2147;2267;945;357
"2018";"......3291 Bad Ragaz";2866;1136;966;317;300;110;37
"2018";"......3292 Flums";1980;633;624;250;289;130;54
"2018";"......3293 Mels";3517;1073;1151;478;511;225;79
"2018";"......3294 Pfäfers";668;236;215;72;75;50;20
"2018";"......3295 Quarten";1305;463;482;138;137;65;20
"2018";"......3296 Sargans";2702;969;887;338;328;128;52
"2018";"......3297 Vilters-Wangs";1948;540;690;252;308;118;40
"2018";"......3298 Walenstadt";2480;852;833;302;319;119;55
"2018";">> Wahlkreis See-Gaster";28720;9234;9934;3705;4003;1339;505
"2018";"......3311 Amden";837;309;323;80;86;30;9
"2018";"......3312 Benken (SG)";1197;325;414;160;185;84;29
"2018";"......3313 Kaltbrunn";1961;577;643;261;323;115;42
"2018";"......3315 Schänis";1539;427;537;219;233;74;49
"2018";"......3316 Weesen";803;306;291;73;88;36;9
"2018";"......3338 Schmerikon";1590;495;565;211;220;62;37
"2018";"......3339 Uznach";2590;784;846;329;395;170;66
"2018";"......3340 Rapperswil-Jona";12200;4295;4216;1556;1577;424;132
"2018";"......3341 Gommiswald";2181;673;785;264;310;113;36
"2018";"......3342 Eschenbach (SG)";3822;1043;1314;552;586;231;96
"2018";">> Wahlkreis Toggenburg";19203;6158;6513;2345;2378;1228;581
"2018";"......3352 Ebnat-Kappel";2196;780;765;235;256;117;43
"2018";"......3359 Wildhaus-Alt St. Johann";1152;418;404;107;121;60;42
"2018";"......3360 Nesslau";1556;546;562;157;157;90;44
"2018";"......3372 Hemberg";355;106;131;32;36;29;21
"2018";"......3374 Lichtensteig";885;395;256;81;100;37;16
"2018";"......3375 Oberhelfenschwil";492;136;174;59;60;43;20
"2018";"......3378 Neckertal";1659;507;584;231;185;91;61
"2018";"......3379 Wattwil";3680;1245;1223;466;414;225;107
"2018";"......3392 Kirchberg (SG)";3593;1040;1164;486;552;251;100
"2018";"......3393 Lütisburg";595;139;215;88;80;47;26
"2018";"......3394 Mosnang";1072;281;366;111;164;98;52
"2018";"......3395 Bütschwil-Ganterschwil";1968;565;669;292;253;140;49
"2018";">> Wahlkreis Wil";31649;10106;10696;4023;4324;1751;749
"2018";"......3401 Degersheim";1661;533;531;217;205;114;61
"2018";"......3402 Flawil";4463;1476;1490;552;599;248;98
"2018";"......3405 Jonschwil";1478;344;552;199;248;105;30
"2018";"......3407 Oberuzwil";2530;688;866;334;407;160;75
"2018";"......3408 Uzwil";5301;1600;1804;702;766;308;121
"2018";"......3422 Niederbüren";546;128;176;76;84;46;36
"2018";"......3423 Niederhelfenschwil";1135;237;377;160;217;110;34
"2018";"......3424 Oberbüren";1775;482;639;216;276;109;53
"2018";"......3426 Zuzwil (SG)";1952;513;731;260;311;103;34
"2018";"......3427 Wil (SG)";10808;4105;3530;1307;1211;448;207
"2019";"- St. Gallen";222993;78105;74376;27401;28086;10747;4278
"2019";">> Wahlkreis St. Gallen";57059;23189;18053;6483;6283;2265;786
"2019";"......3201 Häggenschwil";518;112;190;62;93;44;17
"2019";"......3202 Muolen";474;125;163;65;69;34;18
"2019";"......3203 St. Gallen";37323;16987;11119;4091;3474;1224;428
"2019";"......3204 Wittenbach";4216;1391;1463;532;568;198;64
"2019";"......3212 Eggersriet";937;249;353;115;147;58;15
"2019";"......3441 Andwil (SG)";762;181;261;99;150;44;27
"2019";"......3442 Gaiserwald";3540;1066;1288;439;532;155;60
"2019";"......3443 Gossau (SG)";7980;2769;2786;906;1020;380;119
"2019";"......3444 Waldkirch";1309;309;430;174;230;128;38
"2019";">> Wahlkreis Rorschach";19429;6910;6648;2405;2337;855;274
"2019";"......3211 Berg (SG)";340;80;138;43;47;22;10
"2019";"......3213 Goldach";4295;1500;1519;542;530;163;41
"2019";"......3214 Mörschwil";1461;382;523;201;234;93;28
"2019";"......3215 Rorschach";4672;2232;1309;490;402;167;72
"2019";"......3216 Rorschacherberg";3273;1048;1204;463;398;122;38
"2019";"......3217 Steinach";1598;530;582;198;202;73;13
"2019";"......3218 Tübach";573;149;206;69;98;39;12
"2019";"......3219 Untereggen";398;81;159;51;61;39;7
"2019";"......3237 Thal";2819;908;1008;348;365;137;53
"2019";">> Wahlkreis Rheintal";31372;10176;10655;4055;4283;1553;650
"2019";"......3231 Au (SG)";3528;1280;1197;433;413;142;63
"2019";"......3232 Balgach";2115;675;760;266;278;99;37
"2019";"......3233 Berneck";1681;506;614;225;226;84;26
"2019";"......3234 Diepoldsau";2586;699;924;333;431;145;54
"2019";"......3235 Rheineck";1568;615;521;162;169;73;28
"2019";"......3236 St. Margrethen";2526;880;782;342;330;131;61
"2019";"......3238 Widnau";4129;1260;1419;582;611;199;58
"2019";"......3251 Altstätten";5198;1890;1679;621;609;269;130
"2019";"......3252 Eichberg";623;178;211;86;105;30;13
"2019";"......3253 Marbach (SG)";873;241;307;132;134;49;10
"2019";"......3254 Oberriet (SG)";3583;1000;1211;500;566;199;107
"2019";"......3255 Rebstein";1962;666;664;239;275;77;41
"2019";"......3256 Rüthi (SG)";1000;286;366;134;136;56;22
"2019";">> Wahlkreis Werdenberg";16961;5645;5650;2203;2222;836;405
"2019";"......3271 Buchs (SG)";5676;2087;1799;718;699;237;136
"2019";"......3272 Gams";1403;376;483;177;245;83;39
"2019";"......3273 Grabs";2989;928;1019;395;409;169;69
"2019";"......3274 Sennwald";2493;797;932;304;303;118;39
"2019";"......3275 Sevelen";2205;778;678;315;260;118;56
"2019";"......3276 Wartau";2195;679;739;294;306;111;66
"2019";">> Wahlkreis Sarganserland";17661;6032;5914;2153;2289;935;338
"2019";"......3291 Bad Ragaz";2941;1173;997;314;307;113;37
"2019";"......3292 Flums";2004;655;624;256;286;129;54
"2019";"......3293 Mels";3516;1091;1145;460;526;218;76
"2019";"......3294 Pfäfers";674;242;223;65;79;45;20
"2019";"......3295 Quarten";1321;464;498;138;138;66;17
"2019";"......3296 Sargans";2746;1003;890;340;336;132;45
"2019";"......3297 Vilters-Wangs";1977;552;694;288;293;112;38
"2019";"......3298 Walenstadt";2482;852;843;292;324;120;51
"2019";">> Wahlkreis See-Gaster";29136;9533;9984;3784;3970;1380;485
"2019";"......3311 Amden";847;306;336;85;78;36;6
"2019";"......3312 Benken (SG)";1200;335;412;169;175;85;24
"2019";"......3313 Kaltbrunn";2005;602;646;278;312;124;43
"2019";"......3315 Schänis";1564;445;532;221;239;80;47
"2019";"......3316 Weesen";799;303;291;78;84;33;10
"2019";"......3338 Schmerikon";1622;509;574;228;208;72;31
"2019";"......3339 Uznach";2641;831;849;333;386;172;70
"2019";"......3340 Rapperswil-Jona";12350;4403;4210;1557;1610;433;137
"2019";"......3341 Gommiswald";2213;680;803;280;307;108;35
"2019";"......3342 Eschenbach (SG)";3895;1119;1331;555;571;237;82
"2019";">> Wahlkreis Toggenburg";19398;6285;6692;2246;2399;1191;585
"2019";"......3352 Ebnat-Kappel";2183;768;768;230;261;110;46
"2019";"......3359 Wildhaus-Alt St. Johann";1154;435;396;100;120;62;41
"2019";"......3360 Nesslau";1572;572;564;150;157;88;41
"2019";"......3372 Hemberg";355;111;131;31;31;26;25
"2019";"......3374 Lichtensteig";906;397;274;92;95;34;14
"2019";"......3375 Oberhelfenschwil";490;131;186;46;62;48;17
"2019";"......3378 Neckertal";1663;493;597;237;185;91;60
"2019";"......3379 Wattwil";3768;1329;1271;449;411;210;98
"2019";"......3392 Kirchberg (SG)";3605;1030;1198;463;561;247;106
"2019";"......3393 Lütisburg";604;136;227;80;91;38;32
"2019";"......3394 Mosnang";1074;279;387;105;161;90;52
"2019";"......3395 Bütschwil-Ganterschwil";2024;604;693;263;264;147;53
"2019";">> Wahlkreis Wil";31977;10335;10780;4072;4303;1732;755
"2019";"......3401 Degersheim";1657;535;527;211;212;109;63
"2019";"......3402 Flawil";4434;1490;1478;527;592;244;103
"2019";"......3405 Jonschwil";1503;359;554;202;251;108;29
"2019";"......3407 Oberuzwil";2576;761;859;332;389;169;66
"2019";"......3408 Uzwil";5428;1669;1812;745;776;299;127
"2019";"......3422 Niederbüren";556;135;188;63;97;43;30
"2019";"......3423 Niederhelfenschwil";1162;262;386;164;214;103;33
"2019";"......3424 Oberbüren";1803;488;650;226;279;108;52
"2019";"......3426 Zuzwil (SG)";1969;511;750;272;302;104;30
"2019";"......3427 Wil (SG)";10889;4125;3576;1330;1191;445;222
"2020";"- St. Gallen";226234;80223;75524;27424;28088;10742;4233
"2020";">> Wahlkreis St. Gallen";57565;23690;18187;6399;6237;2273;779
"2020";"......3201 Häggenschwil";516;110;188;66;91;44;17
"2020";"......3202 Muolen";476;118;174;62;70;34;18
"2020";"......3203 St. Gallen";37767;17421;11249;4012;3451;1199;435
"2020";"......3204 Wittenbach";4202;1395;1452;520;574;196;65
"2020";"......3212 Eggersriet";949;248;378;112;133;63;15
"2020";"......3441 Andwil (SG)";781;181;257;121;146;53;23
"2020";"......3442 Gaiserwald";3592;1096;1310;446;530;157;53
"2020";"......3443 Gossau (SG)";7954;2796;2748;886;1012;397;115
"2020";"......3444 Waldkirch";1328;325;431;174;230;130;38
"2020";">> Wahlkreis Rorschach";19769;7070;6832;2423;2333;842;269
"2020";"......3211 Berg (SG)";349;80;148;40;49;26;6
"2020";"......3213 Goldach";4310;1526;1514;549;518;159;44
"2020";"......3214 Mörschwil";1474;386;536;193;234;100;25
"2020";"......3215 Rorschach";4764;2265;1343;499;410;180;67
"2020";"......3216 Rorschacherberg";3319;1045;1260;459;398;120;37
"2020";"......3217 Steinach";1591;531;586;204;196;61;13
"2020";"......3218 Tübach";608;168;215;74;105;35;11
"2020";"......3219 Untereggen";399;89;152;56;58;36;8
"2020";"......3237 Thal";2955;980;1078;349;365;125;58
"2020";">> Wahlkreis Rheintal";31901;10463;10873;4095;4307;1520;643
"2020";"......3231 Au (SG)";3617;1329;1198;463;426;131;70
"2020";"......3232 Balgach";2162;701;775;269;290;95;32
"2020";"......3233 Berneck";1686;512;625;213;230;82;24
"2020";"......3234 Diepoldsau";2625;733;929;345;431;132;55
"2020";"......3235 Rheineck";1564;614;509;167;172;75;27
"2020";"......3236 St. Margrethen";2548;890;801;337;322;133;65
"2020";"......3238 Widnau";4229;1312;1459;596;605;189;68
"2020";"......3251 Altstätten";5271;1920;1754;604;597;270;126
"2020";"......3252 Eichberg";637;182;218;82;112;31;12
"2020";"......3253 Marbach (SG)";894;255;305;140;140;43;11
"2020";"......3254 Oberriet (SG)";3618;1022;1238;492;569;207;90
"2020";"......3255 Rebstein";2035;700;693;253;269;80;40
"2020";"......3256 Rüthi (SG)";1015;293;369;134;144;52;23
"2020";">> Wahlkreis Werdenberg";17232;5872;5667;2200;2235;871;387
"2020";"......3271 Buchs (SG)";5773;2168;1779;722;709;268;127
"2020";"......3272 Gams";1430;380;509;179;242;78;42
"2020";"......3273 Grabs";3047;976;1033;385;414;172;67
"2020";"......3274 Sennwald";2551;843;949;310;302;112;35
"2020";"......3275 Sevelen";2214;802;656;306;273;120;57
"2020";"......3276 Wartau";2217;703;741;298;295;121;59
"2020";">> Wahlkreis Sarganserland";18076;6282;6097;2149;2279;943;326
"2020";"......3291 Bad Ragaz";3045;1231;997;336;334;108;39
"2020";"......3292 Flums";2073;700;657;245;282;135;54
"2020";"......3293 Mels";3631;1143;1218;464;516;216;74
"2020";"......3294 Pfäfers";666;231;232;73;68;46;16
"2020";"......3295 Quarten";1384;520;499;152;128;69;16
"2020";"......3296 Sargans";2754;1000;909;325;341;135;44
"2020";"......3297 Vilters-Wangs";1996;571;722;256;295;113;39
"2020";"......3298 Walenstadt";2527;886;863;298;315;121;44
"2020";">> Wahlkreis See-Gaster";29665;9814;10223;3795;3975;1368;490
"2020";"......3311 Amden";865;307;345;91;77;38;7
"2020";"......3312 Benken (SG)";1209;337;430;160;167;84;31
"2020";"......3313 Kaltbrunn";2081;659;685;263;317;117;40
"2020";"......3315 Schänis";1591;453;545;225;239;85;44
"2020";"......3316 Weesen";818;311;291;90;85;32;9
"2020";"......3338 Schmerikon";1707;532;619;228;214;83;31
"2020";"......3339 Uznach";2634;800;868;336;395;165;70
"2020";"......3340 Rapperswil-Jona";12501;4520;4219;1584;1606;438;134
"2020";"......3341 Gommiswald";2277;701;846;281;311;101;37
"2020";"......3342 Eschenbach (SG)";3982;1194;1375;537;564;225;87
"2020";">> Wahlkreis Toggenburg";19692;6470;6774;2286;2376;1185;601
"2020";"......3352 Ebnat-Kappel";2201;780;763;243;257;111;47
"2020";"......3359 Wildhaus-Alt St. Johann";1144;423;401;93;116;64;47
"2020";"......3360 Nesslau";1595;577;567;160;165;81;45
"2020";"......3372 Hemberg";358;113;131;29;30;28;27
"2020";"......3374 Lichtensteig";910;400;284;87;94;31;14
"2020";"......3375 Oberhelfenschwil";492;137;186;51;66;34;18
"2020";"......3378 Neckertal";1694;525;598;236;184;91;60
"2020";"......3379 Wattwil";3837;1363;1301;448;417;212;96
"2020";"......3392 Kirchberg (SG)";3696;1107;1200;477;556;247;109
"2020";"......3393 Lütisburg";617;146;232;77;94;40;28
"2020";"......3394 Mosnang";1099;291;392;122;147;92;55
"2020";"......3395 Bütschwil-Ganterschwil";2049;608;719;263;250;154;55
"2020";">> Wahlkreis Wil";32334;10562;10871;4077;4346;1740;738
"2020";"......3401 Degersheim";1662;538;542;198;212;115;57
"2020";"......3402 Flawil";4512;1544;1489;550;588;232;109
"2020";"......3405 Jonschwil";1524;372;559;202;251;115;25
"2020";"......3407 Oberuzwil";2637;770;896;348;396;167;60
"2020";"......3408 Uzwil";5502;1714;1810;754;771;322;131
"2020";"......3422 Niederbüren";561;135;194;62;102;39;29
"2020";"......3423 Niederhelfenschwil";1187;265;408;159;218;106;31
"2020";"......3424 Oberbüren";1826;507;644;229;290;107;49
"2020";"......3426 Zuzwil (SG)";1985;518;777;260;298;100;32
"2020";"......3427 Wil (SG)";10938;4199;3552;1315;1220;437;215
"2021";"- St. Gallen";229456;82126;76575;27529;28324;10690;4212
"2021";">> Wahlkreis St. Gallen";57861;23967;18119;6454;6289;2270;762
"2021";"......3201 Häggenschwil";517;113;190;71;83;43;17
"2021";"......3202 Muolen";491;129;175;64;73;33;17
"2021";"......3203 St. Gallen";37853;17538;11206;3994;3479;1206;430
"2021";"......3204 Wittenbach";4277;1466;1426;530;588;207;60
"2021";"......3212 Eggersriet";959;256;378;108;147;54;16
"2021";"......3441 Andwil (SG)";790;183;259;121;151;53;23
"2021";"......3442 Gaiserwald";3643;1141;1295;465;529;158;55
"2021";"......3443 Gossau (SG)";8008;2826;2760;923;1007;388;104
"2021";"......3444 Waldkirch";1323;315;430;178;232;128;40
"2021";">> Wahlkreis Rorschach";19949;7130;6948;2430;2364;823;254
"2021";"......3211 Berg (SG)";365;87;150;44;50;25;9
"2021";"......3213 Goldach";4353;1544;1547;553;516;154;39
"2021";"......3214 Mörschwil";1474;384;558;180;239;89;24
"2021";"......3215 Rorschach";4738;2241;1371;474;412;176;64
"2021";"......3216 Rorschacherberg";3384;1070;1287;460;413;120;34
"2021";"......3217 Steinach";1583;525;579;207;195;65;12
"2021";"......3218 Tübach";653;186;234;74;112;35;12
"2021";"......3219 Untereggen";404;91;158;59;55;32;9
"2021";"......3237 Thal";2995;1002;1064;379;372;127;51
"2021";">> Wahlkreis Rheintal";32534;10821;11097;4129;4301;1519;667
"2021";"......3231 Au (SG)";3646;1351;1206;471;409;134;75
"2021";"......3232 Balgach";2206;732;789;263;294;98;30
"2021";"......3233 Berneck";1734;546;645;211;226;82;24
"2021";"......3234 Diepoldsau";2752;776;976;372;436;134;58
"2021";"......3235 Rheineck";1584;625;510;171;174;73;31
"2021";"......3236 St. Margrethen";2597;926;815;320;335;129;72
"2021";"......3238 Widnau";4307;1332;1507;610;595;193;70
"2021";"......3251 Altstätten";5370;2023;1749;595;614;267;122
"2021";"......3252 Eichberg";643;187;229;82;105;27;13
"2021";"......3253 Marbach (SG)";891;261;313;132;134;40;11
"2021";"......3254 Oberriet (SG)";3664;1047;1256;498;557;206;100
"2021";"......3255 Rebstein";2114;710;735;270;277;83;39
"2021";"......3256 Rüthi (SG)";1026;305;367;134;145;53;22
"2021";">> Wahlkreis Werdenberg";17600;6117;5732;2214;2268;868;401
"2021";"......3271 Buchs (SG)";5887;2227;1797;739;724;265;135
"2021";"......3272 Gams";1461;404;519;174;243;80;41
"2021";"......3273 Grabs";3075;1000;1048;379;404;171;73
"2021";"......3274 Sennwald";2676;918;976;324;298;124;36
"2021";"......3275 Sevelen";2250;814;665;304;299;111;57
"2021";"......3276 Wartau";2251;754;727;294;300;117;59
"2021";">> Wahlkreis Sarganserland";18474;6522;6221;2158;2303;941;329
"2021";"......3291 Bad Ragaz";3095;1282;977;351;333;112;40
"2021";"......3292 Flums";2155;762;676;259;270;129;59
"2021";"......3293 Mels";3806;1236;1275;470;537;220;68
"2021";"......3294 Pfäfers";668;228;238;68;75;41;18
"2021";"......3295 Quarten";1391;515;509;157;125;67;18
"2021";"......3296 Sargans";2754;1010;900;315;349;128;52
"2021";"......3297 Vilters-Wangs";2022;578;742;254;302;111;35
"2021";"......3298 Walenstadt";2583;911;904;284;312;133;39
"2021";">> Wahlkreis See-Gaster";30190;9954;10500;3889;4010;1363;474
"2021";"......3311 Amden";874;313;350;99;76;28;8
"2021";"......3312 Benken (SG)";1214;346;412;157;187;84;28
"2021";"......3313 Kaltbrunn";2106;665;697;270;317;119;38
"2021";"......3315 Schänis";1593;449;547;222;236;93;46
"2021";"......3316 Weesen";848;327;303;85;89;36;8
"2021";"......3338 Schmerikon";1767;558;652;236;214;82;25
"2021";"......3339 Uznach";2656;786;899;347;400;150;74
"2021";"......3340 Rapperswil-Jona";12677;4546;4326;1643;1589;441;132
"2021";"......3341 Gommiswald";2352;737;864;298;312;108;33
"2021";"......3342 Eschenbach (SG)";4103;1227;1450;532;590;222;82
"2021";">> Wahlkreis Toggenburg";20052;6719;6884;2297;2395;1152;605
"2021";"......3352 Ebnat-Kappel";2221;781;780;247;254;114;45
"2021";"......3359 Wildhaus-Alt St. Johann";1156;444;401;94;107;64;46
"2021";"......3360 Nesslau";1628;595;579;165;169;77;43
"2021";"......3372 Hemberg";369;109;147;31;28;28;26
"2021";"......3374 Lichtensteig";959;427;301;86;97;34;14
"2021";"......3375 Oberhelfenschwil";504;151;184;59;56;36;18
"2021";"......3378 Neckertal";1703;532;612;215;188;95;61
"2021";"......3379 Wattwil";3906;1441;1309;436;426;193;101
"2021";"......3392 Kirchberg (SG)";3779;1141;1228;478;586;233;113
"2021";"......3393 Lütisburg";617;149;229;80;89;38;32
"2021";"......3394 Mosnang";1105;286;396;142;132;94;55
"2021";"......3395 Bütschwil-Ganterschwil";2105;663;718;264;263;146;51
"2021";">> Wahlkreis Wil";32796;10896;11074;3958;4394;1754;720
"2021";"......3401 Degersheim";1693;576;542;180;223;116;56
"2021";"......3402 Flawil";4558;1609;1515;530;575;230;99
"2021";"......3405 Jonschwil";1557;392;566;207;255;109;28
"2021";"......3407 Oberuzwil";2701;816;920;333;413;155;64
"2021";"......3408 Uzwil";5646;1800;1896;706;779;334;131
"2021";"......3422 Niederbüren";574;134;213;66;93;41;27
"2021";"......3423 Niederhelfenschwil";1204;277;421;149;229;103;25
"2021";"......3424 Oberbüren";1834;528;635;237;282;107;45
"2021";"......3426 Zuzwil (SG)";2012;525;792;254;310;102;29
"2021";"......3427 Wil (SG)";11017;4239;3574;1296;1235;457;216
"2022";"- St. Gallen";232880;83928;77568;27620;28730;10806;4228
"2022";">> Wahlkreis St. Gallen";58377;24320;18202;6394;6422;2278;761
"2022";"......3201 Häggenschwil";518;113;186;65;97;39;18
"2022";"......3202 Muolen";493;125;180;67;72;34;15
"2022";"......3203 St. Gallen";38217;17822;11237;3987;3510;1231;430
"2022";"......3204 Wittenbach";4301;1475;1444;513;593;207;69
"2022";"......3212 Eggersriet";965;260;375;102;157;54;17
"2022";"......3441 Andwil (SG)";805;189;271;108;165;49;23
"2022";"......3442 Gaiserwald";3662;1153;1299;452;548;163;47
"2022";"......3443 Gossau (SG)";8085;2854;2761;946;1042;375;107
"2022";"......3444 Waldkirch";1331;329;449;154;238;126;35
"2022";">> Wahlkreis Rorschach";20289;7393;6987;2426;2392;841;250
"2022";"......3211 Berg (SG)";386;86;149;50;67;25;9
"2022";"......3213 Goldach";4385;1588;1530;550;518;159;40
"2022";"......3214 Mörschwil";1486;403;559;180;236;82;26
"2022";"......3215 Rorschach";4889;2356;1390;488;417;175;63
"2022";"......3216 Rorschacherberg";3415;1103;1285;461;403;125;38
"2022";"......3217 Steinach";1595;549;560;198;212;67;9
"2022";"......3218 Tübach";653;182;242;75;102;44;8
"2022";"......3219 Untereggen";402;88;158;65;52;31;8
"2022";"......3237 Thal";3078;1038;1114;359;385;133;49
"2022";">> Wahlkreis Rheintal";33108;11083;11232;4239;4352;1535;667
"2022";"......3231 Au (SG)";3738;1374;1250;485;426;128;75
"2022";"......3232 Balgach";2224;745;776;271;297;103;32
"2022";"......3233 Berneck";1728;553;633;212;227;81;22
"2022";"......3234 Diepoldsau";2849;836;992;389;431;141;60
"2022";"......3235 Rheineck";1594;609;527;194;169;65;30
"2022";"......3236 St. Margrethen";2663;955;813;341;342;141;71
"2022";"......3238 Widnau";4341;1396;1440;627;612;192;74
"2022";"......3251 Altstätten";5470;2012;1839;603;625;267;124
"2022";"......3252 Eichberg";639;182;218;89;112;26;12
"2022";"......3253 Marbach (SG)";910;273;321;129;137;41;9
"2022";"......3254 Oberriet (SG)";3740;1077;1313;492;559;203;96
"2022";"......3255 Rebstein";2164;753;731;272;278;89;41
"2022";"......3256 Rüthi (SG)";1048;318;379;135;137;58;21
"2022";">> Wahlkreis Werdenberg";17902;6220;5856;2224;2293;895;414
"2022";"......3271 Buchs (SG)";5998;2256;1833;743;733;287;146
"2022";"......3272 Gams";1482;432;525;166;235;86;38
"2022";"......3273 Grabs";3118;1022;1060;389;404;178;65
"2022";"......3274 Sennwald";2727;919;995;332;318;117;46
"2022";"......3275 Sevelen";2284;824;690;302;303;105;60
"2022";"......3276 Wartau";2293;767;753;292;300;122;59
"2022";">> Wahlkreis Sarganserland";18951;6737;6436;2151;2369;933;325
"2022";"......3291 Bad Ragaz";3178;1322;1018;336;355;107;40
"2022";"......3292 Flums";2224;778;730;241;282;137;56
"2022";"......3293 Mels";3944;1267;1333;500;552;217;75
"2022";"......3294 Pfäfers";696;248;247;72;77;35;17
"2022";"......3295 Quarten";1374;515;495;149;125;72;18
"2022";"......3296 Sargans";2860;1044;952;320;366;132;46
"2022";"......3297 Vilters-Wangs";2085;635;756;240;305;115;34
"2022";"......3298 Walenstadt";2590;928;905;293;307;118;39
"2022";">> Wahlkreis See-Gaster";30701;10170;10688;3887;4060;1422;474
"2022";"......3311 Amden";879;327;350;86;78;30;8
"2022";"......3312 Benken (SG)";1196;333;414;143;180;95;31
"2022";"......3313 Kaltbrunn";2134;695;697;263;318;127;34
"2022";"......3315 Schänis";1622;461;553;227;241;96;44
"2022";"......3316 Weesen";854;331;302;75;102;36;8
"2022";"......3338 Schmerikon";1782;551;660;241;219;82;29
"2022";"......3339 Uznach";2786;839;943;364;408;153;79
"2022";"......3340 Rapperswil-Jona";12842;4602;4398;1647;1601;459;135
"2022";"......3341 Gommiswald";2409;745;898;302;325;110;29
"2022";"......3342 Eschenbach (SG)";4197;1286;1473;539;588;234;77
"2022";">> Wahlkreis Toggenburg";20376;6961;6921;2293;2435;1160;606
"2022";"......3352 Ebnat-Kappel";2216;795;774;249;249;110;39
"2022";"......3359 Wildhaus-Alt St. Johann";1173;474;388;95;103;66;47
"2022";"......3360 Nesslau";1657;613;588;148;173;92;43
"2022";"......3372 Hemberg";376;118;140;29;34;26;29
"2022";"......3374 Lichtensteig";975;439;304;92;93;34;13
"2022";"......3375 Oberhelfenschwil";511;147;203;54;58;31;18
"2022";"......3378 Neckertal";1745;577;608;210;196;93;61
"2022";"......3379 Wattwil";3962;1478;1324;435;427;198;100
"2022";"......3392 Kirchberg (SG)";3873;1173;1248;500;605;233;114
"2022";"......3393 Lütisburg";630;163;234;69;95;38;31
"2022";"......3394 Mosnang";1106;280;397;139;137;96;57
"2022";"......3395 Bütschwil-Ganterschwil";2152;704;713;273;265;143;54
"2022";">> Wahlkreis Wil";33176;11044;11246;4006;4407;1742;731
"2022";"......3401 Degersheim";1678;569;538;189;215;107;60
"2022";"......3402 Flawil";4574;1636;1508;544;557;226;103
"2022";"......3405 Jonschwil";1606;426;579;213;263;99;26
"2022";"......3407 Oberuzwil";2702;825;907;359;399;155;57
"2022";"......3408 Uzwil";5806;1864;1970;715;770;340;147
"2022";"......3422 Niederbüren";572;127;208;68;104;42;23
"2022";"......3423 Niederhelfenschwil";1225;292;428;150;230;102;23
"2022";"......3424 Oberbüren";1864;537;667;220;284;114;42
"2022";"......3426 Zuzwil (SG)";2077;530;831;277;312;95;32
"2022";"......3427 Wil (SG)";11072;4238;3610;1271;1273;462;218
